Input_Bahan_Baku,Tenaga_Kerja,Waktu_Produksi,Energi_Digunakan,Efisiensi_Produksi
0.49945474372955256,-0.33969465648854924,-0.36586695747001075,0.39858233369683727,-0.08669574700109037
-0.17993456924754628,-0.09923664122137438,0.26390403489640113,-0.46782988004362025,0.3904034896401307
0.18538713195201745,-0.003816793893129776,-0.10523446019629226,-0.017993456924754632,-0.02344601962922574
-0.4176663031624863,0.29389312977099225,0.24591057797164656,-0.18593238822246444,0.0910577971646673
0.06106870229007625,0.04580152671755751,-0.022900763358778498,0.35877862595419835,-0.2900763358778625
